[{"status_code":400,"operation_id":null,"response":"{\"type\":\"http:\/\/developer.mailchimp.com\/documentation\/mailchimp\/guides\/error-glossary\/\",\"title\":\"Invalid Resource\",\"status\":400,\"detail\":\"The resource submitted could not be validated. For field-specific details, see the 'errors' array.\",\"instance\":\"\",\"errors\":[{\"field\":\"merge_fields.FNAME\",\"message\":\"Data did not match any of the schemas described in anyOf.\"},{\"field\":\"merge_fields.LNAME\",\"message\":\"Data did not match any of the schemas described in anyOf.\"},{\"field\":\"merge_fields.PHONE\",\"message\":\"Data did not match any of the schemas described in anyOf.\"}]}"},{"status_code":400,"operation_id":null,"response":"{\"type\":\"http:\/\/developer.mailchimp.com\/documentation\/mailchimp\/guides\/error-glossary\/\",\"title\":\"Invalid Resource\",\"status\":400,\"detail\":\"The resource submitted could not be validated. For field-specific details, see the 'errors' array.\",\"instance\":\"\",\"errors\":[{\"field\":\"merge_fields.FNAME\",\"message\":\"Data did not match any of the schemas described in anyOf.\"},{\"field\":\"merge_fields.LNAME\",\"message\":\"Data did not match any of the schemas described in anyOf.\"},{\"field\":\"merge_fields.PHONE\",\"message\":\"Data did not match any of the schemas described in anyOf.\"}]}"},{"status_code":400,"operation_id":null,"response":"{\"type\":\"http:\/\/developer.mailchimp.com\/documentation\/mailchimp\/guides\/error-glossary\/\",\"title\":\"Member Exists\",\"status\":400,\"detail\":\"mhajoy10@gmail.com is already a list member. Use PUT to insert or update list members.\",\"instance\":\"\"}"},{"status_code":400,"operation_id":null,"response":"{\"type\":\"http:\/\/developer.mailchimp.com\/documentation\/mailchimp\/guides\/error-glossary\/\",\"title\":\"Member Exists\",\"status\":400,\"detail\":\"maruska@gmail.com is already a list member. Use PUT to insert or update list members.\",\"instance\":\"\"}"},{"status_code":400,"operation_id":null,"response":"{\"type\":\"http:\/\/developer.mailchimp.com\/documentation\/mailchimp\/guides\/error-glossary\/\",\"title\":\"Member Exists\",\"status\":400,\"detail\":\"tash3@gmail.com is already a list member. Use PUT to insert or update list members.\",\"instance\":\"\"}"},{"status_code":400,"operation_id":null,"response":"{\"type\":\"http:\/\/developer.mailchimp.com\/documentation\/mailchimp\/guides\/error-glossary\/\",\"title\":\"Invalid Resource\",\"status\":400,\"detail\":\"The resource submitted could not be validated. For field-specific details, see the 'errors' array.\",\"instance\":\"\",\"errors\":[{\"field\":\"merge_fields.FNAME\",\"message\":\"Data did not match any of the schemas described in anyOf.\"},{\"field\":\"merge_fields.LNAME\",\"message\":\"Data did not match any of the schemas described in anyOf.\"},{\"field\":\"merge_fields.PHONE\",\"message\":\"Data did not match any of the schemas described in anyOf.\"}]}"},{"status_code":400,"operation_id":null,"response":"{\"type\":\"http:\/\/developer.mailchimp.com\/documentation\/mailchimp\/guides\/error-glossary\/\",\"title\":\"Invalid Resource\",\"status\":400,\"detail\":\"The resource submitted could not be validated. For field-specific details, see the 'errors' array.\",\"instance\":\"\",\"errors\":[{\"field\":\"merge_fields.FNAME\",\"message\":\"Data did not match any of the schemas described in anyOf.\"},{\"field\":\"merge_fields.LNAME\",\"message\":\"Data did not match any of the schemas described in anyOf.\"},{\"field\":\"merge_fields.PHONE\",\"message\":\"Data did not match any of the schemas described in anyOf.\"}]}"},{"status_code":400,"operation_id":null,"response":"{\"type\":\"http:\/\/developer.mailchimp.com\/documentation\/mailchimp\/guides\/error-glossary\/\",\"title\":\"Invalid Resource\",\"status\":400,\"detail\":\"The resource submitted could not be validated. For field-specific details, see the 'errors' array.\",\"instance\":\"\",\"errors\":[{\"field\":\"merge_fields.FNAME\",\"message\":\"Data did not match any of the schemas described in anyOf.\"},{\"field\":\"merge_fields.LNAME\",\"message\":\"Data did not match any of the schemas described in anyOf.\"},{\"field\":\"merge_fields.PHONE\",\"message\":\"Data did not match any of the schemas described in anyOf.\"}]}"},{"status_code":400,"operation_id":null,"response":"{\"type\":\"http:\/\/developer.mailchimp.com\/documentation\/mailchimp\/guides\/error-glossary\/\",\"title\":\"Invalid Resource\",\"status\":400,\"detail\":\"The resource submitted could not be validated. For field-specific details, see the 'errors' array.\",\"instance\":\"\",\"errors\":[{\"field\":\"merge_fields.FNAME\",\"message\":\"Data did not match any of the schemas described in anyOf.\"},{\"field\":\"merge_fields.LNAME\",\"message\":\"Data did not match any of the schemas described in anyOf.\"},{\"field\":\"merge_fields.PHONE\",\"message\":\"Data did not match any of the schemas described in anyOf.\"}]}"},{"status_code":400,"operation_id":null,"response":"{\"type\":\"http:\/\/developer.mailchimp.com\/documentation\/mailchimp\/guides\/error-glossary\/\",\"title\":\"Invalid Resource\",\"status\":400,\"detail\":\"The resource submitted could not be validated. For field-specific details, see the 'errors' array.\",\"instance\":\"\",\"errors\":[{\"field\":\"merge_fields.FNAME\",\"message\":\"Data did not match any of the schemas described in anyOf.\"},{\"field\":\"merge_fields.LNAME\",\"message\":\"Data did not match any of the schemas described in anyOf.\"},{\"field\":\"merge_fields.PHONE\",\"message\":\"Data did not match any of the schemas described in anyOf.\"}]}"},{"status_code":400,"operation_id":null,"response":"{\"type\":\"http:\/\/developer.mailchimp.com\/documentation\/mailchimp\/guides\/error-glossary\/\",\"title\":\"Member Exists\",\"status\":400,\"detail\":\"tash1@gmail.com is already a list member. Use PUT to insert or update list members.\",\"instance\":\"\"}"},{"status_code":400,"operation_id":null,"response":"{\"type\":\"http:\/\/developer.mailchimp.com\/documentation\/mailchimp\/guides\/error-glossary\/\",\"title\":\"Member Exists\",\"status\":400,\"detail\":\"nanay@gmail.com is already a list member. Use PUT to insert or update list members.\",\"instance\":\"\"}"},{"status_code":400,"operation_id":null,"response":"{\"type\":\"http:\/\/developer.mailchimp.com\/documentation\/mailchimp\/guides\/error-glossary\/\",\"title\":\"Member Exists\",\"status\":400,\"detail\":\"pmak@gmail.com is already a list member. Use PUT to insert or update list members.\",\"instance\":\"\"}"},{"status_code":400,"operation_id":null,"response":"{\"type\":\"http:\/\/developer.mailchimp.com\/documentation\/mailchimp\/guides\/error-glossary\/\",\"title\":\"Member Exists\",\"status\":400,\"detail\":\"tash4@gmail.com is already a list member. Use PUT to insert or update list members.\",\"instance\":\"\"}"},{"status_code":400,"operation_id":null,"response":"{\"type\":\"http:\/\/developer.mailchimp.com\/documentation\/mailchimp\/guides\/error-glossary\/\",\"title\":\"Member Exists\",\"status\":400,\"detail\":\"tashi@gmail.com is already a list member. Use PUT to insert or update list members.\",\"instance\":\"\"}"},{"status_code":400,"operation_id":null,"response":"{\"type\":\"http:\/\/developer.mailchimp.com\/documentation\/mailchimp\/guides\/error-glossary\/\",\"title\":\"Invalid Resource\",\"status\":400,\"detail\":\"The resource submitted could not be validated. For field-specific details, see the 'errors' array.\",\"instance\":\"\",\"errors\":[{\"field\":\"merge_fields.FNAME\",\"message\":\"Data did not match any of the schemas described in anyOf.\"},{\"field\":\"merge_fields.LNAME\",\"message\":\"Data did not match any of the schemas described in anyOf.\"},{\"field\":\"merge_fields.PHONE\",\"message\":\"Data did not match any of the schemas described in anyOf.\"}]}"},{"status_code":400,"operation_id":null,"response":"{\"type\":\"http:\/\/developer.mailchimp.com\/documentation\/mailchimp\/guides\/error-glossary\/\",\"title\":\"Invalid Resource\",\"status\":400,\"detail\":\"The resource submitted could not be validated. For field-specific details, see the 'errors' array.\",\"instance\":\"\",\"errors\":[{\"field\":\"merge_fields.FNAME\",\"message\":\"Data did not match any of the schemas described in anyOf.\"},{\"field\":\"merge_fields.LNAME\",\"message\":\"Data did not match any of the schemas described in anyOf.\"},{\"field\":\"merge_fields.PHONE\",\"message\":\"Data did not match any of the schemas described in anyOf.\"}]}"},{"status_code":400,"operation_id":null,"response":"{\"type\":\"http:\/\/developer.mailchimp.com\/documentation\/mailchimp\/guides\/error-glossary\/\",\"title\":\"Member Exists\",\"status\":400,\"detail\":\"tasha5@gmail.com is already a list member. Use PUT to insert or update list members.\",\"instance\":\"\"}"},{"status_code":400,"operation_id":null,"response":"{\"type\":\"http:\/\/developer.mailchimp.com\/documentation\/mailchimp\/guides\/error-glossary\/\",\"title\":\"Invalid Resource\",\"status\":400,\"detail\":\"The resource submitted could not be validated. For field-specific details, see the 'errors' array.\",\"instance\":\"\",\"errors\":[{\"field\":\"merge_fields.FNAME\",\"message\":\"Data did not match any of the schemas described in anyOf.\"},{\"field\":\"merge_fields.LNAME\",\"message\":\"Data did not match any of the schemas described in anyOf.\"},{\"field\":\"merge_fields.PHONE\",\"message\":\"Data did not match any of the schemas described in anyOf.\"}]}"},{"status_code":400,"operation_id":null,"response":"{\"type\":\"http:\/\/developer.mailchimp.com\/documentation\/mailchimp\/guides\/error-glossary\/\",\"title\":\"Member Exists\",\"status\":400,\"detail\":\"natasha@arcadier.com is already a list member. Use PUT to insert or update list members.\",\"instance\":\"\"}"}]