[{"status_code":200,"operation_id":null,"response":"{\"id\":\"2a068c9322760b09676ad00c936c3688\",\"email_address\":\"mhajoy10@gmail.com\",\"unique_email_id\":\"a8faa61aba\",\"web_id\":42021218,\"email_type\":\"html\",\"status\":\"subscribed\",\"merge_fields\":{\"FNAME\":\"Yan\",\"LNAME\":\"Zhi\",\"ADDRESS\":{\"addr1\":\"RANDOM\",\"addr2\":\"\",\"city\":\"RANDOM\",\"state\":\"RANDOM\",\"zip\":\"0002\",\"country\":\"AL\"},\"PHONE\":\"5157552\",\"BIRTHDAY\":\"\",\"MMERGE6\":\"\"},\"stats\":{\"avg_open_rate\":0,\"avg_click_rate\":0},\"ip_signup\":\"\",\"timestamp_signup\":\"\",\"ip_opt\":\"\",\"timestamp_opt\":\"2019-09-13T01:36:26+00:00\",\"member_rating\":2,\"last_changed\":\"2019-09-13T01:36:26+00:00\",\"language\":\"\",\"vip\":false,\"email_client\":\"\",\"location\":{\"latitude\":0,\"longitude\":0,\"gmtoff\":0,\"dstoff\":0,\"country_code\":\"\",\"timezone\":\"\"},\"source\":\"API - Generic\",\"tags_count\":0,\"tags\":[],\"list_id\":\"18c780b94f\",\"_links\":[{\"rel\":\"self\",\"href\":\"https:\/\/us20.api.mailchimp.com\/3.0\/lists\/18c780b94f\/members\/2a068c9322760b09676ad00c936c3688\",\"method\":\"GET\",\"targetSchema\":\"https:\/\/us20.api.mailchimp.com\/schema\/3.0\/Definitions\/Lists\/Members\/Response.json\"},{\"rel\":\"parent\",\"href\":\"https:\/\/us20.api.mailchimp.com\/3.0\/lists\/18c780b94f\/members\",\"method\":\"GET\",\"targetSchema\":\"https:\/\/us20.api.mailchimp.com\/schema\/3.0\/Definitions\/Lists\/Members\/CollectionResponse.json\",\"schema\":\"https:\/\/us20.api.mailchimp.com\/schema\/3.0\/CollectionLinks\/Lists\/Members.json\"},{\"rel\":\"update\",\"href\":\"https:\/\/us20.api.mailchimp.com\/3.0\/lists\/18c780b94f\/members\/2a068c9322760b09676ad00c936c3688\",\"method\":\"PATCH\",\"targetSchema\":\"https:\/\/us20.api.mailchimp.com\/schema\/3.0\/Definitions\/Lists\/Members\/Response.json\",\"schema\":\"https:\/\/us20.api.mailchimp.com\/schema\/3.0\/Definitions\/Lists\/Members\/PATCH.json\"},{\"rel\":\"upsert\",\"href\":\"https:\/\/us20.api.mailchimp.com\/3.0\/lists\/18c780b94f\/members\/2a068c9322760b09676ad00c936c3688\",\"method\":\"PUT\",\"targetSchema\":\"https:\/\/us20.api.mailchimp.com\/schema\/3.0\/Definitions\/Lists\/Members\/Response.json\",\"schema\":\"https:\/\/us20.api.mailchimp.com\/schema\/3.0\/Definitions\/Lists\/Members\/PUT.json\"},{\"rel\":\"delete\",\"href\":\"https:\/\/us20.api.mailchimp.com\/3.0\/lists\/18c780b94f\/members\/2a068c9322760b09676ad00c936c3688\",\"method\":\"DELETE\"},{\"rel\":\"activity\",\"href\":\"https:\/\/us20.api.mailchimp.com\/3.0\/lists\/18c780b94f\/members\/2a068c9322760b09676ad00c936c3688\/activity\",\"method\":\"GET\",\"targetSchema\":\"https:\/\/us20.api.mailchimp.com\/schema\/3.0\/Definitions\/Lists\/Members\/Activity\/Response.json\"},{\"rel\":\"goals\",\"href\":\"https:\/\/us20.api.mailchimp.com\/3.0\/lists\/18c780b94f\/members\/2a068c9322760b09676ad00c936c3688\/goals\",\"method\":\"GET\",\"targetSchema\":\"https:\/\/us20.api.mailchimp.com\/schema\/3.0\/Definitions\/Lists\/Members\/Goals\/Response.json\"},{\"rel\":\"notes\",\"href\":\"https:\/\/us20.api.mailchimp.com\/3.0\/lists\/18c780b94f\/members\/2a068c9322760b09676ad00c936c3688\/notes\",\"method\":\"GET\",\"targetSchema\":\"https:\/\/us20.api.mailchimp.com\/schema\/3.0\/Definitions\/Lists\/Members\/Notes\/CollectionResponse.json\"},{\"rel\":\"events\",\"href\":\"https:\/\/us20.api.mailchimp.com\/3.0\/lists\/18c780b94f\/members\/2a068c9322760b09676ad00c936c3688\/events\",\"method\":\"POST\",\"targetSchema\":\"https:\/\/us20.api.mailchimp.com\/schema\/3.0\/Definitions\/Lists\/Members\/Events\/POST.json\"},{\"rel\":\"delete_permanent\",\"href\":\"https:\/\/us20.api.mailchimp.com\/3.0\/lists\/18c780b94f\/members\/2a068c9322760b09676ad00c936c3688\/actions\/delete-permanent\",\"method\":\"POST\"}],\"returned_item_count\":0}"},{"status_code":200,"operation_id":null,"response":"{\"id\":\"ed16dfafa71b537d4af862a1712c12b2\",\"email_address\":\"maruska@gmail.com\",\"unique_email_id\":\"798ca6129f\",\"web_id\":42021222,\"email_type\":\"html\",\"status\":\"subscribed\",\"merge_fields\":{\"FNAME\":\"yak\",\"LNAME\":\"sha\",\"ADDRESS\":{\"addr1\":\"FENRIS EAST\",\"addr2\":\"\",\"city\":\"RANDOM\",\"state\":\"RANDOM\",\"zip\":\"558\",\"country\":\"US\"},\"PHONE\":\"5157552\",\"BIRTHDAY\":\"\",\"MMERGE6\":\"\"},\"stats\":{\"avg_open_rate\":0,\"avg_click_rate\":0},\"ip_signup\":\"\",\"timestamp_signup\":\"\",\"ip_opt\":\"\",\"timestamp_opt\":\"2019-09-13T01:36:27+00:00\",\"member_rating\":2,\"last_changed\":\"2019-09-13T01:36:27+00:00\",\"language\":\"\",\"vip\":false,\"email_client\":\"\",\"location\":{\"latitude\":0,\"longitude\":0,\"gmtoff\":0,\"dstoff\":0,\"country_code\":\"\",\"timezone\":\"\"},\"source\":\"API - Generic\",\"tags_count\":0,\"tags\":[],\"list_id\":\"18c780b94f\",\"_links\":[{\"rel\":\"self\",\"href\":\"https:\/\/us20.api.mailchimp.com\/3.0\/lists\/18c780b94f\/members\/ed16dfafa71b537d4af862a1712c12b2\",\"method\":\"GET\",\"targetSchema\":\"https:\/\/us20.api.mailchimp.com\/schema\/3.0\/Definitions\/Lists\/Members\/Response.json\"},{\"rel\":\"parent\",\"href\":\"https:\/\/us20.api.mailchimp.com\/3.0\/lists\/18c780b94f\/members\",\"method\":\"GET\",\"targetSchema\":\"https:\/\/us20.api.mailchimp.com\/schema\/3.0\/Definitions\/Lists\/Members\/CollectionResponse.json\",\"schema\":\"https:\/\/us20.api.mailchimp.com\/schema\/3.0\/CollectionLinks\/Lists\/Members.json\"},{\"rel\":\"update\",\"href\":\"https:\/\/us20.api.mailchimp.com\/3.0\/lists\/18c780b94f\/members\/ed16dfafa71b537d4af862a1712c12b2\",\"method\":\"PATCH\",\"targetSchema\":\"https:\/\/us20.api.mailchimp.com\/schema\/3.0\/Definitions\/Lists\/Members\/Response.json\",\"schema\":\"https:\/\/us20.api.mailchimp.com\/schema\/3.0\/Definitions\/Lists\/Members\/PATCH.json\"},{\"rel\":\"upsert\",\"href\":\"https:\/\/us20.api.mailchimp.com\/3.0\/lists\/18c780b94f\/members\/ed16dfafa71b537d4af862a1712c12b2\",\"method\":\"PUT\",\"targetSchema\":\"https:\/\/us20.api.mailchimp.com\/schema\/3.0\/Definitions\/Lists\/Members\/Response.json\",\"schema\":\"https:\/\/us20.api.mailchimp.com\/schema\/3.0\/Definitions\/Lists\/Members\/PUT.json\"},{\"rel\":\"delete\",\"href\":\"https:\/\/us20.api.mailchimp.com\/3.0\/lists\/18c780b94f\/members\/ed16dfafa71b537d4af862a1712c12b2\",\"method\":\"DELETE\"},{\"rel\":\"activity\",\"href\":\"https:\/\/us20.api.mailchimp.com\/3.0\/lists\/18c780b94f\/members\/ed16dfafa71b537d4af862a1712c12b2\/activity\",\"method\":\"GET\",\"targetSchema\":\"https:\/\/us20.api.mailchimp.com\/schema\/3.0\/Definitions\/Lists\/Members\/Activity\/Response.json\"},{\"rel\":\"goals\",\"href\":\"https:\/\/us20.api.mailchimp.com\/3.0\/lists\/18c780b94f\/members\/ed16dfafa71b537d4af862a1712c12b2\/goals\",\"method\":\"GET\",\"targetSchema\":\"https:\/\/us20.api.mailchimp.com\/schema\/3.0\/Definitions\/Lists\/Members\/Goals\/Response.json\"},{\"rel\":\"notes\",\"href\":\"https:\/\/us20.api.mailchimp.com\/3.0\/lists\/18c780b94f\/members\/ed16dfafa71b537d4af862a1712c12b2\/notes\",\"method\":\"GET\",\"targetSchema\":\"https:\/\/us20.api.mailchimp.com\/schema\/3.0\/Definitions\/Lists\/Members\/Notes\/CollectionResponse.json\"},{\"rel\":\"events\",\"href\":\"https:\/\/us20.api.mailchimp.com\/3.0\/lists\/18c780b94f\/members\/ed16dfafa71b537d4af862a1712c12b2\/events\",\"method\":\"POST\",\"targetSchema\":\"https:\/\/us20.api.mailchimp.com\/schema\/3.0\/Definitions\/Lists\/Members\/Events\/POST.json\"},{\"rel\":\"delete_permanent\",\"href\":\"https:\/\/us20.api.mailchimp.com\/3.0\/lists\/18c780b94f\/members\/ed16dfafa71b537d4af862a1712c12b2\/actions\/delete-permanent\",\"method\":\"POST\"}],\"returned_item_count\":0}"},{"status_code":200,"operation_id":null,"response":"{\"id\":\"ab7f01575861182556b6bdcec945c27d\",\"email_address\":\"tash3@gmail.com\",\"unique_email_id\":\"fcbd3b4486\",\"web_id\":42021226,\"email_type\":\"html\",\"status\":\"subscribed\",\"merge_fields\":{\"FNAME\":\"Tash Maruska\",\"LNAME\":\"Navarro\",\"ADDRESS\":{\"addr1\":\"RANDOM\",\"addr2\":\"\",\"city\":\"RANDOM\",\"state\":\"RANDOM\",\"zip\":\"55555\",\"country\":\"AS\"},\"PHONE\":\"5157552\",\"BIRTHDAY\":\"\",\"MMERGE6\":\"\"},\"stats\":{\"avg_open_rate\":0,\"avg_click_rate\":0},\"ip_signup\":\"\",\"timestamp_signup\":\"\",\"ip_opt\":\"\",\"timestamp_opt\":\"2019-09-13T01:36:27+00:00\",\"member_rating\":2,\"last_changed\":\"2019-09-13T01:36:27+00:00\",\"language\":\"\",\"vip\":false,\"email_client\":\"\",\"location\":{\"latitude\":0,\"longitude\":0,\"gmtoff\":0,\"dstoff\":0,\"country_code\":\"\",\"timezone\":\"\"},\"source\":\"API - Generic\",\"tags_count\":0,\"tags\":[],\"list_id\":\"18c780b94f\",\"_links\":[{\"rel\":\"self\",\"href\":\"https:\/\/us20.api.mailchimp.com\/3.0\/lists\/18c780b94f\/members\/ab7f01575861182556b6bdcec945c27d\",\"method\":\"GET\",\"targetSchema\":\"https:\/\/us20.api.mailchimp.com\/schema\/3.0\/Definitions\/Lists\/Members\/Response.json\"},{\"rel\":\"parent\",\"href\":\"https:\/\/us20.api.mailchimp.com\/3.0\/lists\/18c780b94f\/members\",\"method\":\"GET\",\"targetSchema\":\"https:\/\/us20.api.mailchimp.com\/schema\/3.0\/Definitions\/Lists\/Members\/CollectionResponse.json\",\"schema\":\"https:\/\/us20.api.mailchimp.com\/schema\/3.0\/CollectionLinks\/Lists\/Members.json\"},{\"rel\":\"update\",\"href\":\"https:\/\/us20.api.mailchimp.com\/3.0\/lists\/18c780b94f\/members\/ab7f01575861182556b6bdcec945c27d\",\"method\":\"PATCH\",\"targetSchema\":\"https:\/\/us20.api.mailchimp.com\/schema\/3.0\/Definitions\/Lists\/Members\/Response.json\",\"schema\":\"https:\/\/us20.api.mailchimp.com\/schema\/3.0\/Definitions\/Lists\/Members\/PATCH.json\"},{\"rel\":\"upsert\",\"href\":\"https:\/\/us20.api.mailchimp.com\/3.0\/lists\/18c780b94f\/members\/ab7f01575861182556b6bdcec945c27d\",\"method\":\"PUT\",\"targetSchema\":\"https:\/\/us20.api.mailchimp.com\/schema\/3.0\/Definitions\/Lists\/Members\/Response.json\",\"schema\":\"https:\/\/us20.api.mailchimp.com\/schema\/3.0\/Definitions\/Lists\/Members\/PUT.json\"},{\"rel\":\"delete\",\"href\":\"https:\/\/us20.api.mailchimp.com\/3.0\/lists\/18c780b94f\/members\/ab7f01575861182556b6bdcec945c27d\",\"method\":\"DELETE\"},{\"rel\":\"activity\",\"href\":\"https:\/\/us20.api.mailchimp.com\/3.0\/lists\/18c780b94f\/members\/ab7f01575861182556b6bdcec945c27d\/activity\",\"method\":\"GET\",\"targetSchema\":\"https:\/\/us20.api.mailchimp.com\/schema\/3.0\/Definitions\/Lists\/Members\/Activity\/Response.json\"},{\"rel\":\"goals\",\"href\":\"https:\/\/us20.api.mailchimp.com\/3.0\/lists\/18c780b94f\/members\/ab7f01575861182556b6bdcec945c27d\/goals\",\"method\":\"GET\",\"targetSchema\":\"https:\/\/us20.api.mailchimp.com\/schema\/3.0\/Definitions\/Lists\/Members\/Goals\/Response.json\"},{\"rel\":\"notes\",\"href\":\"https:\/\/us20.api.mailchimp.com\/3.0\/lists\/18c780b94f\/members\/ab7f01575861182556b6bdcec945c27d\/notes\",\"method\":\"GET\",\"targetSchema\":\"https:\/\/us20.api.mailchimp.com\/schema\/3.0\/Definitions\/Lists\/Members\/Notes\/CollectionResponse.json\"},{\"rel\":\"events\",\"href\":\"https:\/\/us20.api.mailchimp.com\/3.0\/lists\/18c780b94f\/members\/ab7f01575861182556b6bdcec945c27d\/events\",\"method\":\"POST\",\"targetSchema\":\"https:\/\/us20.api.mailchimp.com\/schema\/3.0\/Definitions\/Lists\/Members\/Events\/POST.json\"},{\"rel\":\"delete_permanent\",\"href\":\"https:\/\/us20.api.mailchimp.com\/3.0\/lists\/18c780b94f\/members\/ab7f01575861182556b6bdcec945c27d\/actions\/delete-permanent\",\"method\":\"POST\"}],\"returned_item_count\":0}"},{"status_code":200,"operation_id":null,"response":"{\"id\":\"2725b2e657636132ec9efa2cdd114256\",\"email_address\":\"tash1@gmail.com\",\"unique_email_id\":\"606b3d6329\",\"web_id\":42021230,\"email_type\":\"html\",\"status\":\"subscribed\",\"merge_fields\":{\"FNAME\":\"TASH\",\"LNAME\":\"NAVARRO\",\"ADDRESS\":{\"addr1\":\"MNL\",\"addr2\":\"\",\"city\":\"Taguig\",\"state\":\"MNL\",\"zip\":\"0005\",\"country\":\"PH\"},\"PHONE\":\"5157552\",\"BIRTHDAY\":\"\",\"MMERGE6\":\"\"},\"stats\":{\"avg_open_rate\":0,\"avg_click_rate\":0},\"ip_signup\":\"\",\"timestamp_signup\":\"\",\"ip_opt\":\"\",\"timestamp_opt\":\"2019-09-13T01:36:27+00:00\",\"member_rating\":2,\"last_changed\":\"2019-09-13T01:36:27+00:00\",\"language\":\"\",\"vip\":false,\"email_client\":\"\",\"location\":{\"latitude\":0,\"longitude\":0,\"gmtoff\":0,\"dstoff\":0,\"country_code\":\"\",\"timezone\":\"\"},\"source\":\"API - Generic\",\"tags_count\":0,\"tags\":[],\"list_id\":\"18c780b94f\",\"_links\":[{\"rel\":\"self\",\"href\":\"https:\/\/us20.api.mailchimp.com\/3.0\/lists\/18c780b94f\/members\/2725b2e657636132ec9efa2cdd114256\",\"method\":\"GET\",\"targetSchema\":\"https:\/\/us20.api.mailchimp.com\/schema\/3.0\/Definitions\/Lists\/Members\/Response.json\"},{\"rel\":\"parent\",\"href\":\"https:\/\/us20.api.mailchimp.com\/3.0\/lists\/18c780b94f\/members\",\"method\":\"GET\",\"targetSchema\":\"https:\/\/us20.api.mailchimp.com\/schema\/3.0\/Definitions\/Lists\/Members\/CollectionResponse.json\",\"schema\":\"https:\/\/us20.api.mailchimp.com\/schema\/3.0\/CollectionLinks\/Lists\/Members.json\"},{\"rel\":\"update\",\"href\":\"https:\/\/us20.api.mailchimp.com\/3.0\/lists\/18c780b94f\/members\/2725b2e657636132ec9efa2cdd114256\",\"method\":\"PATCH\",\"targetSchema\":\"https:\/\/us20.api.mailchimp.com\/schema\/3.0\/Definitions\/Lists\/Members\/Response.json\",\"schema\":\"https:\/\/us20.api.mailchimp.com\/schema\/3.0\/Definitions\/Lists\/Members\/PATCH.json\"},{\"rel\":\"upsert\",\"href\":\"https:\/\/us20.api.mailchimp.com\/3.0\/lists\/18c780b94f\/members\/2725b2e657636132ec9efa2cdd114256\",\"method\":\"PUT\",\"targetSchema\":\"https:\/\/us20.api.mailchimp.com\/schema\/3.0\/Definitions\/Lists\/Members\/Response.json\",\"schema\":\"https:\/\/us20.api.mailchimp.com\/schema\/3.0\/Definitions\/Lists\/Members\/PUT.json\"},{\"rel\":\"delete\",\"href\":\"https:\/\/us20.api.mailchimp.com\/3.0\/lists\/18c780b94f\/members\/2725b2e657636132ec9efa2cdd114256\",\"method\":\"DELETE\"},{\"rel\":\"activity\",\"href\":\"https:\/\/us20.api.mailchimp.com\/3.0\/lists\/18c780b94f\/members\/2725b2e657636132ec9efa2cdd114256\/activity\",\"method\":\"GET\",\"targetSchema\":\"https:\/\/us20.api.mailchimp.com\/schema\/3.0\/Definitions\/Lists\/Members\/Activity\/Response.json\"},{\"rel\":\"goals\",\"href\":\"https:\/\/us20.api.mailchimp.com\/3.0\/lists\/18c780b94f\/members\/2725b2e657636132ec9efa2cdd114256\/goals\",\"method\":\"GET\",\"targetSchema\":\"https:\/\/us20.api.mailchimp.com\/schema\/3.0\/Definitions\/Lists\/Members\/Goals\/Response.json\"},{\"rel\":\"notes\",\"href\":\"https:\/\/us20.api.mailchimp.com\/3.0\/lists\/18c780b94f\/members\/2725b2e657636132ec9efa2cdd114256\/notes\",\"method\":\"GET\",\"targetSchema\":\"https:\/\/us20.api.mailchimp.com\/schema\/3.0\/Definitions\/Lists\/Members\/Notes\/CollectionResponse.json\"},{\"rel\":\"events\",\"href\":\"https:\/\/us20.api.mailchimp.com\/3.0\/lists\/18c780b94f\/members\/2725b2e657636132ec9efa2cdd114256\/events\",\"method\":\"POST\",\"targetSchema\":\"https:\/\/us20.api.mailchimp.com\/schema\/3.0\/Definitions\/Lists\/Members\/Events\/POST.json\"},{\"rel\":\"delete_permanent\",\"href\":\"https:\/\/us20.api.mailchimp.com\/3.0\/lists\/18c780b94f\/members\/2725b2e657636132ec9efa2cdd114256\/actions\/delete-permanent\",\"method\":\"POST\"}],\"returned_item_count\":0}"},{"status_code":200,"operation_id":null,"response":"{\"id\":\"42db1d8117f6e805e3ee039d7c0ada47\",\"email_address\":\"tash4@gmail.com\",\"unique_email_id\":\"87dd02dd54\",\"web_id\":42021234,\"email_type\":\"html\",\"status\":\"subscribed\",\"merge_fields\":{\"FNAME\":\"Tash Maruska\",\"LNAME\":\"Navarro\",\"ADDRESS\":{\"addr1\":\"RANDOM\",\"addr2\":\"\",\"city\":\"RANDOM\",\"state\":\"RANDOM\",\"zip\":\"0005\",\"country\":\"AL\"},\"PHONE\":\"5157552\",\"BIRTHDAY\":\"\",\"MMERGE6\":\"\"},\"stats\":{\"avg_open_rate\":0,\"avg_click_rate\":0},\"ip_signup\":\"\",\"timestamp_signup\":\"\",\"ip_opt\":\"\",\"timestamp_opt\":\"2019-09-13T01:36:27+00:00\",\"member_rating\":2,\"last_changed\":\"2019-09-13T01:36:27+00:00\",\"language\":\"\",\"vip\":false,\"email_client\":\"\",\"location\":{\"latitude\":0,\"longitude\":0,\"gmtoff\":0,\"dstoff\":0,\"country_code\":\"\",\"timezone\":\"\"},\"source\":\"API - Generic\",\"tags_count\":0,\"tags\":[],\"list_id\":\"18c780b94f\",\"_links\":[{\"rel\":\"self\",\"href\":\"https:\/\/us20.api.mailchimp.com\/3.0\/lists\/18c780b94f\/members\/42db1d8117f6e805e3ee039d7c0ada47\",\"method\":\"GET\",\"targetSchema\":\"https:\/\/us20.api.mailchimp.com\/schema\/3.0\/Definitions\/Lists\/Members\/Response.json\"},{\"rel\":\"parent\",\"href\":\"https:\/\/us20.api.mailchimp.com\/3.0\/lists\/18c780b94f\/members\",\"method\":\"GET\",\"targetSchema\":\"https:\/\/us20.api.mailchimp.com\/schema\/3.0\/Definitions\/Lists\/Members\/CollectionResponse.json\",\"schema\":\"https:\/\/us20.api.mailchimp.com\/schema\/3.0\/CollectionLinks\/Lists\/Members.json\"},{\"rel\":\"update\",\"href\":\"https:\/\/us20.api.mailchimp.com\/3.0\/lists\/18c780b94f\/members\/42db1d8117f6e805e3ee039d7c0ada47\",\"method\":\"PATCH\",\"targetSchema\":\"https:\/\/us20.api.mailchimp.com\/schema\/3.0\/Definitions\/Lists\/Members\/Response.json\",\"schema\":\"https:\/\/us20.api.mailchimp.com\/schema\/3.0\/Definitions\/Lists\/Members\/PATCH.json\"},{\"rel\":\"upsert\",\"href\":\"https:\/\/us20.api.mailchimp.com\/3.0\/lists\/18c780b94f\/members\/42db1d8117f6e805e3ee039d7c0ada47\",\"method\":\"PUT\",\"targetSchema\":\"https:\/\/us20.api.mailchimp.com\/schema\/3.0\/Definitions\/Lists\/Members\/Response.json\",\"schema\":\"https:\/\/us20.api.mailchimp.com\/schema\/3.0\/Definitions\/Lists\/Members\/PUT.json\"},{\"rel\":\"delete\",\"href\":\"https:\/\/us20.api.mailchimp.com\/3.0\/lists\/18c780b94f\/members\/42db1d8117f6e805e3ee039d7c0ada47\",\"method\":\"DELETE\"},{\"rel\":\"activity\",\"href\":\"https:\/\/us20.api.mailchimp.com\/3.0\/lists\/18c780b94f\/members\/42db1d8117f6e805e3ee039d7c0ada47\/activity\",\"method\":\"GET\",\"targetSchema\":\"https:\/\/us20.api.mailchimp.com\/schema\/3.0\/Definitions\/Lists\/Members\/Activity\/Response.json\"},{\"rel\":\"goals\",\"href\":\"https:\/\/us20.api.mailchimp.com\/3.0\/lists\/18c780b94f\/members\/42db1d8117f6e805e3ee039d7c0ada47\/goals\",\"method\":\"GET\",\"targetSchema\":\"https:\/\/us20.api.mailchimp.com\/schema\/3.0\/Definitions\/Lists\/Members\/Goals\/Response.json\"},{\"rel\":\"notes\",\"href\":\"https:\/\/us20.api.mailchimp.com\/3.0\/lists\/18c780b94f\/members\/42db1d8117f6e805e3ee039d7c0ada47\/notes\",\"method\":\"GET\",\"targetSchema\":\"https:\/\/us20.api.mailchimp.com\/schema\/3.0\/Definitions\/Lists\/Members\/Notes\/CollectionResponse.json\"},{\"rel\":\"events\",\"href\":\"https:\/\/us20.api.mailchimp.com\/3.0\/lists\/18c780b94f\/members\/42db1d8117f6e805e3ee039d7c0ada47\/events\",\"method\":\"POST\",\"targetSchema\":\"https:\/\/us20.api.mailchimp.com\/schema\/3.0\/Definitions\/Lists\/Members\/Events\/POST.json\"},{\"rel\":\"delete_permanent\",\"href\":\"https:\/\/us20.api.mailchimp.com\/3.0\/lists\/18c780b94f\/members\/42db1d8117f6e805e3ee039d7c0ada47\/actions\/delete-permanent\",\"method\":\"POST\"}],\"returned_item_count\":0}"},{"status_code":200,"operation_id":null,"response":"{\"id\":\"ac72136356fc1b7987fc494203b2e589\",\"email_address\":\"tashi@gmail.com\",\"unique_email_id\":\"3b20e40113\",\"web_id\":42021238,\"email_type\":\"html\",\"status\":\"subscribed\",\"merge_fields\":{\"FNAME\":\"tashamaruskamaruskanavarro\",\"LNAME\":\"navarro\",\"ADDRESS\":{\"addr1\":\"MNL\",\"addr2\":\"\",\"city\":\"Taguig\",\"state\":\"MNL\",\"zip\":\"0005\",\"country\":\"PH\"},\"PHONE\":\"09976086984\",\"BIRTHDAY\":\"\",\"MMERGE6\":\"\"},\"stats\":{\"avg_open_rate\":0,\"avg_click_rate\":0},\"ip_signup\":\"\",\"timestamp_signup\":\"\",\"ip_opt\":\"\",\"timestamp_opt\":\"2019-09-13T01:36:27+00:00\",\"member_rating\":2,\"last_changed\":\"2019-09-13T01:36:27+00:00\",\"language\":\"\",\"vip\":false,\"email_client\":\"\",\"location\":{\"latitude\":0,\"longitude\":0,\"gmtoff\":0,\"dstoff\":0,\"country_code\":\"\",\"timezone\":\"\"},\"source\":\"API - Generic\",\"tags_count\":0,\"tags\":[],\"list_id\":\"18c780b94f\",\"_links\":[{\"rel\":\"self\",\"href\":\"https:\/\/us20.api.mailchimp.com\/3.0\/lists\/18c780b94f\/members\/ac72136356fc1b7987fc494203b2e589\",\"method\":\"GET\",\"targetSchema\":\"https:\/\/us20.api.mailchimp.com\/schema\/3.0\/Definitions\/Lists\/Members\/Response.json\"},{\"rel\":\"parent\",\"href\":\"https:\/\/us20.api.mailchimp.com\/3.0\/lists\/18c780b94f\/members\",\"method\":\"GET\",\"targetSchema\":\"https:\/\/us20.api.mailchimp.com\/schema\/3.0\/Definitions\/Lists\/Members\/CollectionResponse.json\",\"schema\":\"https:\/\/us20.api.mailchimp.com\/schema\/3.0\/CollectionLinks\/Lists\/Members.json\"},{\"rel\":\"update\",\"href\":\"https:\/\/us20.api.mailchimp.com\/3.0\/lists\/18c780b94f\/members\/ac72136356fc1b7987fc494203b2e589\",\"method\":\"PATCH\",\"targetSchema\":\"https:\/\/us20.api.mailchimp.com\/schema\/3.0\/Definitions\/Lists\/Members\/Response.json\",\"schema\":\"https:\/\/us20.api.mailchimp.com\/schema\/3.0\/Definitions\/Lists\/Members\/PATCH.json\"},{\"rel\":\"upsert\",\"href\":\"https:\/\/us20.api.mailchimp.com\/3.0\/lists\/18c780b94f\/members\/ac72136356fc1b7987fc494203b2e589\",\"method\":\"PUT\",\"targetSchema\":\"https:\/\/us20.api.mailchimp.com\/schema\/3.0\/Definitions\/Lists\/Members\/Response.json\",\"schema\":\"https:\/\/us20.api.mailchimp.com\/schema\/3.0\/Definitions\/Lists\/Members\/PUT.json\"},{\"rel\":\"delete\",\"href\":\"https:\/\/us20.api.mailchimp.com\/3.0\/lists\/18c780b94f\/members\/ac72136356fc1b7987fc494203b2e589\",\"method\":\"DELETE\"},{\"rel\":\"activity\",\"href\":\"https:\/\/us20.api.mailchimp.com\/3.0\/lists\/18c780b94f\/members\/ac72136356fc1b7987fc494203b2e589\/activity\",\"method\":\"GET\",\"targetSchema\":\"https:\/\/us20.api.mailchimp.com\/schema\/3.0\/Definitions\/Lists\/Members\/Activity\/Response.json\"},{\"rel\":\"goals\",\"href\":\"https:\/\/us20.api.mailchimp.com\/3.0\/lists\/18c780b94f\/members\/ac72136356fc1b7987fc494203b2e589\/goals\",\"method\":\"GET\",\"targetSchema\":\"https:\/\/us20.api.mailchimp.com\/schema\/3.0\/Definitions\/Lists\/Members\/Goals\/Response.json\"},{\"rel\":\"notes\",\"href\":\"https:\/\/us20.api.mailchimp.com\/3.0\/lists\/18c780b94f\/members\/ac72136356fc1b7987fc494203b2e589\/notes\",\"method\":\"GET\",\"targetSchema\":\"https:\/\/us20.api.mailchimp.com\/schema\/3.0\/Definitions\/Lists\/Members\/Notes\/CollectionResponse.json\"},{\"rel\":\"events\",\"href\":\"https:\/\/us20.api.mailchimp.com\/3.0\/lists\/18c780b94f\/members\/ac72136356fc1b7987fc494203b2e589\/events\",\"method\":\"POST\",\"targetSchema\":\"https:\/\/us20.api.mailchimp.com\/schema\/3.0\/Definitions\/Lists\/Members\/Events\/POST.json\"},{\"rel\":\"delete_permanent\",\"href\":\"https:\/\/us20.api.mailchimp.com\/3.0\/lists\/18c780b94f\/members\/ac72136356fc1b7987fc494203b2e589\/actions\/delete-permanent\",\"method\":\"POST\"}],\"returned_item_count\":0}"},{"status_code":200,"operation_id":null,"response":"{\"id\":\"77f418218743b69917ea7ea22ef28653\",\"email_address\":\"tasha5@gmail.com\",\"unique_email_id\":\"47d2601e1a\",\"web_id\":42021242,\"email_type\":\"html\",\"status\":\"subscribed\",\"merge_fields\":{\"FNAME\":\"Tash Maruska\",\"LNAME\":\"Navarro\",\"ADDRESS\":{\"addr1\":\"Somewhere down the road\",\"addr2\":\"\",\"city\":\"MKT\",\"state\":\"PH\",\"zip\":\"00055\",\"country\":\"AD\"},\"PHONE\":\"5157552\",\"BIRTHDAY\":\"\",\"MMERGE6\":\"\"},\"stats\":{\"avg_open_rate\":0,\"avg_click_rate\":0},\"ip_signup\":\"\",\"timestamp_signup\":\"\",\"ip_opt\":\"\",\"timestamp_opt\":\"2019-09-13T01:36:27+00:00\",\"member_rating\":2,\"last_changed\":\"2019-09-13T01:36:27+00:00\",\"language\":\"\",\"vip\":false,\"email_client\":\"\",\"location\":{\"latitude\":0,\"longitude\":0,\"gmtoff\":0,\"dstoff\":0,\"country_code\":\"\",\"timezone\":\"\"},\"source\":\"API - Generic\",\"tags_count\":0,\"tags\":[],\"list_id\":\"18c780b94f\",\"_links\":[{\"rel\":\"self\",\"href\":\"https:\/\/us20.api.mailchimp.com\/3.0\/lists\/18c780b94f\/members\/77f418218743b69917ea7ea22ef28653\",\"method\":\"GET\",\"targetSchema\":\"https:\/\/us20.api.mailchimp.com\/schema\/3.0\/Definitions\/Lists\/Members\/Response.json\"},{\"rel\":\"parent\",\"href\":\"https:\/\/us20.api.mailchimp.com\/3.0\/lists\/18c780b94f\/members\",\"method\":\"GET\",\"targetSchema\":\"https:\/\/us20.api.mailchimp.com\/schema\/3.0\/Definitions\/Lists\/Members\/CollectionResponse.json\",\"schema\":\"https:\/\/us20.api.mailchimp.com\/schema\/3.0\/CollectionLinks\/Lists\/Members.json\"},{\"rel\":\"update\",\"href\":\"https:\/\/us20.api.mailchimp.com\/3.0\/lists\/18c780b94f\/members\/77f418218743b69917ea7ea22ef28653\",\"method\":\"PATCH\",\"targetSchema\":\"https:\/\/us20.api.mailchimp.com\/schema\/3.0\/Definitions\/Lists\/Members\/Response.json\",\"schema\":\"https:\/\/us20.api.mailchimp.com\/schema\/3.0\/Definitions\/Lists\/Members\/PATCH.json\"},{\"rel\":\"upsert\",\"href\":\"https:\/\/us20.api.mailchimp.com\/3.0\/lists\/18c780b94f\/members\/77f418218743b69917ea7ea22ef28653\",\"method\":\"PUT\",\"targetSchema\":\"https:\/\/us20.api.mailchimp.com\/schema\/3.0\/Definitions\/Lists\/Members\/Response.json\",\"schema\":\"https:\/\/us20.api.mailchimp.com\/schema\/3.0\/Definitions\/Lists\/Members\/PUT.json\"},{\"rel\":\"delete\",\"href\":\"https:\/\/us20.api.mailchimp.com\/3.0\/lists\/18c780b94f\/members\/77f418218743b69917ea7ea22ef28653\",\"method\":\"DELETE\"},{\"rel\":\"activity\",\"href\":\"https:\/\/us20.api.mailchimp.com\/3.0\/lists\/18c780b94f\/members\/77f418218743b69917ea7ea22ef28653\/activity\",\"method\":\"GET\",\"targetSchema\":\"https:\/\/us20.api.mailchimp.com\/schema\/3.0\/Definitions\/Lists\/Members\/Activity\/Response.json\"},{\"rel\":\"goals\",\"href\":\"https:\/\/us20.api.mailchimp.com\/3.0\/lists\/18c780b94f\/members\/77f418218743b69917ea7ea22ef28653\/goals\",\"method\":\"GET\",\"targetSchema\":\"https:\/\/us20.api.mailchimp.com\/schema\/3.0\/Definitions\/Lists\/Members\/Goals\/Response.json\"},{\"rel\":\"notes\",\"href\":\"https:\/\/us20.api.mailchimp.com\/3.0\/lists\/18c780b94f\/members\/77f418218743b69917ea7ea22ef28653\/notes\",\"method\":\"GET\",\"targetSchema\":\"https:\/\/us20.api.mailchimp.com\/schema\/3.0\/Definitions\/Lists\/Members\/Notes\/CollectionResponse.json\"},{\"rel\":\"events\",\"href\":\"https:\/\/us20.api.mailchimp.com\/3.0\/lists\/18c780b94f\/members\/77f418218743b69917ea7ea22ef28653\/events\",\"method\":\"POST\",\"targetSchema\":\"https:\/\/us20.api.mailchimp.com\/schema\/3.0\/Definitions\/Lists\/Members\/Events\/POST.json\"},{\"rel\":\"delete_permanent\",\"href\":\"https:\/\/us20.api.mailchimp.com\/3.0\/lists\/18c780b94f\/members\/77f418218743b69917ea7ea22ef28653\/actions\/delete-permanent\",\"method\":\"POST\"}],\"returned_item_count\":0}"},{"status_code":200,"operation_id":null,"response":"{\"id\":\"97c296b62f92d95bb63cdd6a1c7ab5dd\",\"email_address\":\"natasha@arcadier.com\",\"unique_email_id\":\"bc8e38cebe\",\"web_id\":42021246,\"email_type\":\"html\",\"status\":\"subscribed\",\"merge_fields\":{\"FNAME\":\"natasha\",\"LNAME\":\"navarro\",\"ADDRESS\":{\"addr1\":\"random\",\"addr2\":\"\",\"city\":\"Manila\",\"state\":\"Taguig\",\"zip\":\"0005\",\"country\":\"BS\"},\"PHONE\":\"5157552\",\"BIRTHDAY\":\"\",\"MMERGE6\":\"\"},\"stats\":{\"avg_open_rate\":0,\"avg_click_rate\":0},\"ip_signup\":\"\",\"timestamp_signup\":\"\",\"ip_opt\":\"\",\"timestamp_opt\":\"2019-09-13T01:36:27+00:00\",\"member_rating\":2,\"last_changed\":\"2019-09-13T01:36:27+00:00\",\"language\":\"\",\"vip\":false,\"email_client\":\"\",\"location\":{\"latitude\":0,\"longitude\":0,\"gmtoff\":0,\"dstoff\":0,\"country_code\":\"\",\"timezone\":\"\"},\"source\":\"API - Generic\",\"tags_count\":0,\"tags\":[],\"list_id\":\"18c780b94f\",\"_links\":[{\"rel\":\"self\",\"href\":\"https:\/\/us20.api.mailchimp.com\/3.0\/lists\/18c780b94f\/members\/97c296b62f92d95bb63cdd6a1c7ab5dd\",\"method\":\"GET\",\"targetSchema\":\"https:\/\/us20.api.mailchimp.com\/schema\/3.0\/Definitions\/Lists\/Members\/Response.json\"},{\"rel\":\"parent\",\"href\":\"https:\/\/us20.api.mailchimp.com\/3.0\/lists\/18c780b94f\/members\",\"method\":\"GET\",\"targetSchema\":\"https:\/\/us20.api.mailchimp.com\/schema\/3.0\/Definitions\/Lists\/Members\/CollectionResponse.json\",\"schema\":\"https:\/\/us20.api.mailchimp.com\/schema\/3.0\/CollectionLinks\/Lists\/Members.json\"},{\"rel\":\"update\",\"href\":\"https:\/\/us20.api.mailchimp.com\/3.0\/lists\/18c780b94f\/members\/97c296b62f92d95bb63cdd6a1c7ab5dd\",\"method\":\"PATCH\",\"targetSchema\":\"https:\/\/us20.api.mailchimp.com\/schema\/3.0\/Definitions\/Lists\/Members\/Response.json\",\"schema\":\"https:\/\/us20.api.mailchimp.com\/schema\/3.0\/Definitions\/Lists\/Members\/PATCH.json\"},{\"rel\":\"upsert\",\"href\":\"https:\/\/us20.api.mailchimp.com\/3.0\/lists\/18c780b94f\/members\/97c296b62f92d95bb63cdd6a1c7ab5dd\",\"method\":\"PUT\",\"targetSchema\":\"https:\/\/us20.api.mailchimp.com\/schema\/3.0\/Definitions\/Lists\/Members\/Response.json\",\"schema\":\"https:\/\/us20.api.mailchimp.com\/schema\/3.0\/Definitions\/Lists\/Members\/PUT.json\"},{\"rel\":\"delete\",\"href\":\"https:\/\/us20.api.mailchimp.com\/3.0\/lists\/18c780b94f\/members\/97c296b62f92d95bb63cdd6a1c7ab5dd\",\"method\":\"DELETE\"},{\"rel\":\"activity\",\"href\":\"https:\/\/us20.api.mailchimp.com\/3.0\/lists\/18c780b94f\/members\/97c296b62f92d95bb63cdd6a1c7ab5dd\/activity\",\"method\":\"GET\",\"targetSchema\":\"https:\/\/us20.api.mailchimp.com\/schema\/3.0\/Definitions\/Lists\/Members\/Activity\/Response.json\"},{\"rel\":\"goals\",\"href\":\"https:\/\/us20.api.mailchimp.com\/3.0\/lists\/18c780b94f\/members\/97c296b62f92d95bb63cdd6a1c7ab5dd\/goals\",\"method\":\"GET\",\"targetSchema\":\"https:\/\/us20.api.mailchimp.com\/schema\/3.0\/Definitions\/Lists\/Members\/Goals\/Response.json\"},{\"rel\":\"notes\",\"href\":\"https:\/\/us20.api.mailchimp.com\/3.0\/lists\/18c780b94f\/members\/97c296b62f92d95bb63cdd6a1c7ab5dd\/notes\",\"method\":\"GET\",\"targetSchema\":\"https:\/\/us20.api.mailchimp.com\/schema\/3.0\/Definitions\/Lists\/Members\/Notes\/CollectionResponse.json\"},{\"rel\":\"events\",\"href\":\"https:\/\/us20.api.mailchimp.com\/3.0\/lists\/18c780b94f\/members\/97c296b62f92d95bb63cdd6a1c7ab5dd\/events\",\"method\":\"POST\",\"targetSchema\":\"https:\/\/us20.api.mailchimp.com\/schema\/3.0\/Definitions\/Lists\/Members\/Events\/POST.json\"},{\"rel\":\"delete_permanent\",\"href\":\"https:\/\/us20.api.mailchimp.com\/3.0\/lists\/18c780b94f\/members\/97c296b62f92d95bb63cdd6a1c7ab5dd\/actions\/delete-permanent\",\"method\":\"POST\"}],\"returned_item_count\":0}"}]