[{"status_code":400,"operation_id":null,"response":"{\"type\":\"http:\/\/developer.mailchimp.com\/documentation\/mailchimp\/guides\/error-glossary\/\",\"title\":\"Member Exists\",\"status\":400,\"detail\":\"mhajoy10@gmail.com is already a list member. Use PUT to insert or update list members.\",\"instance\":\"\"}"},{"status_code":400,"operation_id":null,"response":"{\"type\":\"http:\/\/developer.mailchimp.com\/documentation\/mailchimp\/guides\/error-glossary\/\",\"title\":\"Member Exists\",\"status\":400,\"detail\":\"maruska@gmail.com is already a list member. Use PUT to insert or update list members.\",\"instance\":\"\"}"},{"status_code":400,"operation_id":null,"response":"{\"type\":\"http:\/\/developer.mailchimp.com\/documentation\/mailchimp\/guides\/error-glossary\/\",\"title\":\"Member Exists\",\"status\":400,\"detail\":\"tash3@gmail.com is already a list member. Use PUT to insert or update list members.\",\"instance\":\"\"}"},{"status_code":400,"operation_id":null,"response":"{\"type\":\"http:\/\/developer.mailchimp.com\/documentation\/mailchimp\/guides\/error-glossary\/\",\"title\":\"Member Exists\",\"status\":400,\"detail\":\"tash1@gmail.com is already a list member. Use PUT to insert or update list members.\",\"instance\":\"\"}"},{"status_code":400,"operation_id":null,"response":"{\"type\":\"http:\/\/developer.mailchimp.com\/documentation\/mailchimp\/guides\/error-glossary\/\",\"title\":\"Member Exists\",\"status\":400,\"detail\":\"tash4@gmail.com is already a list member. Use PUT to insert or update list members.\",\"instance\":\"\"}"},{"status_code":400,"operation_id":null,"response":"{\"type\":\"http:\/\/developer.mailchimp.com\/documentation\/mailchimp\/guides\/error-glossary\/\",\"title\":\"Member Exists\",\"status\":400,\"detail\":\"tashi@gmail.com is already a list member. Use PUT to insert or update list members.\",\"instance\":\"\"}"},{"status_code":400,"operation_id":null,"response":"{\"type\":\"http:\/\/developer.mailchimp.com\/documentation\/mailchimp\/guides\/error-glossary\/\",\"title\":\"Member Exists\",\"status\":400,\"detail\":\"tasha5@gmail.com is already a list member. Use PUT to insert or update list members.\",\"instance\":\"\"}"},{"status_code":400,"operation_id":null,"response":"{\"type\":\"http:\/\/developer.mailchimp.com\/documentation\/mailchimp\/guides\/error-glossary\/\",\"title\":\"Member Exists\",\"status\":400,\"detail\":\"natasha@arcadier.com is already a list member. Use PUT to insert or update list members.\",\"instance\":\"\"}"}]