[{"status_code":400,"operation_id":null,"response":"{\"type\":\"http:\/\/developer.mailchimp.com\/documentation\/mailchimp\/guides\/error-glossary\/\",\"title\":\"Member Exists\",\"status\":400,\"detail\":\"mhajoy10@gmail.com is already a list member. Use PUT to insert or update list members.\",\"instance\":\"\"}"},{"status_code":200,"operation_id":null,"response":"{\"id\":\"f6f9d3a6e26c704830d9cfa3e502b21b\",\"email_address\":\"nmfnavarro@gmail.com\",\"unique_email_id\":\"939313d9dc\",\"web_id\":42021250,\"email_type\":\"html\",\"status\":\"subscribed\",\"merge_fields\":{\"FNAME\":\"tash\",\"LNAME\":\"navarro\",\"ADDRESS\":{\"addr1\":\"29F AYALA SOUTHPARK\",\"addr2\":\"\",\"city\":\"MAKATI\",\"state\":\"PH\",\"zip\":\"0005\",\"country\":\"PH\"},\"PHONE\":\"5157552\",\"BIRTHDAY\":\"\",\"MMERGE6\":\"\"},\"stats\":{\"avg_open_rate\":0,\"avg_click_rate\":0},\"ip_signup\":\"\",\"timestamp_signup\":\"\",\"ip_opt\":\"\",\"timestamp_opt\":\"2019-09-13T01:37:29+00:00\",\"member_rating\":2,\"last_changed\":\"2019-09-13T01:37:29+00:00\",\"language\":\"\",\"vip\":false,\"email_client\":\"\",\"location\":{\"latitude\":0,\"longitude\":0,\"gmtoff\":0,\"dstoff\":0,\"country_code\":\"\",\"timezone\":\"\"},\"source\":\"API - Generic\",\"tags_count\":0,\"tags\":[],\"list_id\":\"18c780b94f\",\"_links\":[{\"rel\":\"self\",\"href\":\"https:\/\/us20.api.mailchimp.com\/3.0\/lists\/18c780b94f\/members\/f6f9d3a6e26c704830d9cfa3e502b21b\",\"method\":\"GET\",\"targetSchema\":\"https:\/\/us20.api.mailchimp.com\/schema\/3.0\/Definitions\/Lists\/Members\/Response.json\"},{\"rel\":\"parent\",\"href\":\"https:\/\/us20.api.mailchimp.com\/3.0\/lists\/18c780b94f\/members\",\"method\":\"GET\",\"targetSchema\":\"https:\/\/us20.api.mailchimp.com\/schema\/3.0\/Definitions\/Lists\/Members\/CollectionResponse.json\",\"schema\":\"https:\/\/us20.api.mailchimp.com\/schema\/3.0\/CollectionLinks\/Lists\/Members.json\"},{\"rel\":\"update\",\"href\":\"https:\/\/us20.api.mailchimp.com\/3.0\/lists\/18c780b94f\/members\/f6f9d3a6e26c704830d9cfa3e502b21b\",\"method\":\"PATCH\",\"targetSchema\":\"https:\/\/us20.api.mailchimp.com\/schema\/3.0\/Definitions\/Lists\/Members\/Response.json\",\"schema\":\"https:\/\/us20.api.mailchimp.com\/schema\/3.0\/Definitions\/Lists\/Members\/PATCH.json\"},{\"rel\":\"upsert\",\"href\":\"https:\/\/us20.api.mailchimp.com\/3.0\/lists\/18c780b94f\/members\/f6f9d3a6e26c704830d9cfa3e502b21b\",\"method\":\"PUT\",\"targetSchema\":\"https:\/\/us20.api.mailchimp.com\/schema\/3.0\/Definitions\/Lists\/Members\/Response.json\",\"schema\":\"https:\/\/us20.api.mailchimp.com\/schema\/3.0\/Definitions\/Lists\/Members\/PUT.json\"},{\"rel\":\"delete\",\"href\":\"https:\/\/us20.api.mailchimp.com\/3.0\/lists\/18c780b94f\/members\/f6f9d3a6e26c704830d9cfa3e502b21b\",\"method\":\"DELETE\"},{\"rel\":\"activity\",\"href\":\"https:\/\/us20.api.mailchimp.com\/3.0\/lists\/18c780b94f\/members\/f6f9d3a6e26c704830d9cfa3e502b21b\/activity\",\"method\":\"GET\",\"targetSchema\":\"https:\/\/us20.api.mailchimp.com\/schema\/3.0\/Definitions\/Lists\/Members\/Activity\/Response.json\"},{\"rel\":\"goals\",\"href\":\"https:\/\/us20.api.mailchimp.com\/3.0\/lists\/18c780b94f\/members\/f6f9d3a6e26c704830d9cfa3e502b21b\/goals\",\"method\":\"GET\",\"targetSchema\":\"https:\/\/us20.api.mailchimp.com\/schema\/3.0\/Definitions\/Lists\/Members\/Goals\/Response.json\"},{\"rel\":\"notes\",\"href\":\"https:\/\/us20.api.mailchimp.com\/3.0\/lists\/18c780b94f\/members\/f6f9d3a6e26c704830d9cfa3e502b21b\/notes\",\"method\":\"GET\",\"targetSchema\":\"https:\/\/us20.api.mailchimp.com\/schema\/3.0\/Definitions\/Lists\/Members\/Notes\/CollectionResponse.json\"},{\"rel\":\"events\",\"href\":\"https:\/\/us20.api.mailchimp.com\/3.0\/lists\/18c780b94f\/members\/f6f9d3a6e26c704830d9cfa3e502b21b\/events\",\"method\":\"POST\",\"targetSchema\":\"https:\/\/us20.api.mailchimp.com\/schema\/3.0\/Definitions\/Lists\/Members\/Events\/POST.json\"},{\"rel\":\"delete_permanent\",\"href\":\"https:\/\/us20.api.mailchimp.com\/3.0\/lists\/18c780b94f\/members\/f6f9d3a6e26c704830d9cfa3e502b21b\/actions\/delete-permanent\",\"method\":\"POST\"}],\"returned_item_count\":0}"}]