[{"status_code":400,"operation_id":null,"response":"{\"type\":\"http:\/\/developer.mailchimp.com\/documentation\/mailchimp\/guides\/error-glossary\/\",\"title\":\"Member Exists\",\"status\":400,\"detail\":\"mhajoy10@gmail.com is already a list member. Use PUT to insert or update list members.\",\"instance\":\"\"}"},{"status_code":400,"operation_id":null,"response":"{\"type\":\"http:\/\/developer.mailchimp.com\/documentation\/mailchimp\/guides\/error-glossary\/\",\"title\":\"Member Exists\",\"status\":400,\"detail\":\"nmfnavarro@gmail.com is already a list member. Use PUT to insert or update list members.\",\"instance\":\"\"}"}]