[{"status_code":400,"operation_id":null,"response":"{\"type\":\"http:\/\/developer.mailchimp.com\/documentation\/mailchimp\/guides\/error-glossary\/\",\"title\":\"Invalid Resource\",\"status\":400,\"detail\":\"The resource submitted could not be validated. For field-specific details, see the 'errors' array.\",\"instance\":\"\",\"errors\":[{\"field\":\"merge_fields.FNAME\",\"message\":\"Data did not match any of the schemas described in anyOf.\"},{\"field\":\"merge_fields.LNAME\",\"message\":\"Data did not match any of the schemas described in anyOf.\"},{\"field\":\"merge_fields.PHONE\",\"message\":\"Data did not match any of the schemas described in anyOf.\"}]}"},{"status_code":400,"operation_id":null,"response":"{\"type\":\"http:\/\/developer.mailchimp.com\/documentation\/mailchimp\/guides\/error-glossary\/\",\"title\":\"Invalid Resource\",\"status\":400,\"detail\":\"The resource submitted could not be validated. For field-specific details, see the 'errors' array.\",\"instance\":\"\",\"errors\":[{\"field\":\"merge_fields.FNAME\",\"message\":\"Data did not match any of the schemas described in anyOf.\"},{\"field\":\"merge_fields.LNAME\",\"message\":\"Data did not match any of the schemas described in anyOf.\"},{\"field\":\"merge_fields.PHONE\",\"message\":\"Data did not match any of the schemas described in anyOf.\"}]}"},{"status_code":400,"operation_id":null,"response":"{\"type\":\"http:\/\/developer.mailchimp.com\/documentation\/mailchimp\/guides\/error-glossary\/\",\"title\":\"Member Exists\",\"status\":400,\"detail\":\"mhajoy10@gmail.com is already a list member. Use PUT to insert or update list members.\",\"instance\":\"\"}"},{"status_code":400,"operation_id":null,"response":"{\"type\":\"http:\/\/developer.mailchimp.com\/documentation\/mailchimp\/guides\/error-glossary\/\",\"title\":\"Member Exists\",\"status\":400,\"detail\":\"maruska@gmail.com is already a list member. Use PUT to insert or update list members.\",\"instance\":\"\"}"},{"status_code":400,"operation_id":null,"response":"{\"type\":\"http:\/\/developer.mailchimp.com\/documentation\/mailchimp\/guides\/error-glossary\/\",\"title\":\"Member Exists\",\"status\":400,\"detail\":\"tash3@gmail.com is already a list member. Use PUT to insert or update list members.\",\"instance\":\"\"}"},{"status_code":400,"operation_id":null,"response":"{\"type\":\"http:\/\/developer.mailchimp.com\/documentation\/mailchimp\/guides\/error-glossary\/\",\"title\":\"Invalid Resource\",\"status\":400,\"detail\":\"The resource submitted could not be validated. For field-specific details, see the 'errors' array.\",\"instance\":\"\",\"errors\":[{\"field\":\"merge_fields.FNAME\",\"message\":\"Data did not match any of the schemas described in anyOf.\"},{\"field\":\"merge_fields.LNAME\",\"message\":\"Data did not match any of the schemas described in anyOf.\"},{\"field\":\"merge_fields.PHONE\",\"message\":\"Data did not match any of the schemas described in anyOf.\"}]}"},{"status_code":400,"operation_id":null,"response":"{\"type\":\"http:\/\/developer.mailchimp.com\/documentation\/mailchimp\/guides\/error-glossary\/\",\"title\":\"Invalid Resource\",\"status\":400,\"detail\":\"The resource submitted could not be validated. For field-specific details, see the 'errors' array.\",\"instance\":\"\",\"errors\":[{\"field\":\"merge_fields.FNAME\",\"message\":\"Data did not match any of the schemas described in anyOf.\"},{\"field\":\"merge_fields.LNAME\",\"message\":\"Data did not match any of the schemas described in anyOf.\"},{\"field\":\"merge_fields.PHONE\",\"message\":\"Data did not match any of the schemas described in anyOf.\"}]}"},{"status_code":400,"operation_id":null,"response":"{\"type\":\"http:\/\/developer.mailchimp.com\/documentation\/mailchimp\/guides\/error-glossary\/\",\"title\":\"Invalid Resource\",\"status\":400,\"detail\":\"The resource submitted could not be validated. For field-specific details, see the 'errors' array.\",\"instance\":\"\",\"errors\":[{\"field\":\"merge_fields.FNAME\",\"message\":\"Data did not match any of the schemas described in anyOf.\"},{\"field\":\"merge_fields.LNAME\",\"message\":\"Data did not match any of the schemas described in anyOf.\"},{\"field\":\"merge_fields.PHONE\",\"message\":\"Data did not match any of the schemas described in anyOf.\"}]}"},{"status_code":400,"operation_id":null,"response":"{\"type\":\"http:\/\/developer.mailchimp.com\/documentation\/mailchimp\/guides\/error-glossary\/\",\"title\":\"Invalid Resource\",\"status\":400,\"detail\":\"The resource submitted could not be validated. For field-specific details, see the 'errors' array.\",\"instance\":\"\",\"errors\":[{\"field\":\"merge_fields.FNAME\",\"message\":\"Data did not match any of the schemas described in anyOf.\"},{\"field\":\"merge_fields.LNAME\",\"message\":\"Data did not match any of the schemas described in anyOf.\"},{\"field\":\"merge_fields.PHONE\",\"message\":\"Data did not match any of the schemas described in anyOf.\"}]}"},{"status_code":400,"operation_id":null,"response":"{\"type\":\"http:\/\/developer.mailchimp.com\/documentation\/mailchimp\/guides\/error-glossary\/\",\"title\":\"Invalid Resource\",\"status\":400,\"detail\":\"The resource submitted could not be validated. For field-specific details, see the 'errors' array.\",\"instance\":\"\",\"errors\":[{\"field\":\"merge_fields.FNAME\",\"message\":\"Data did not match any of the schemas described in anyOf.\"},{\"field\":\"merge_fields.LNAME\",\"message\":\"Data did not match any of the schemas described in anyOf.\"},{\"field\":\"merge_fields.PHONE\",\"message\":\"Data did not match any of the schemas described in anyOf.\"}]}"},{"status_code":400,"operation_id":null,"response":"{\"type\":\"http:\/\/developer.mailchimp.com\/documentation\/mailchimp\/guides\/error-glossary\/\",\"title\":\"Member Exists\",\"status\":400,\"detail\":\"tash1@gmail.com is already a list member. Use PUT to insert or update list members.\",\"instance\":\"\"}"},{"status_code":400,"operation_id":null,"response":"{\"type\":\"http:\/\/developer.mailchimp.com\/documentation\/mailchimp\/guides\/error-glossary\/\",\"title\":\"Invalid Resource\",\"status\":400,\"detail\":\"The resource submitted could not be validated. For field-specific details, see the 'errors' array.\",\"instance\":\"\",\"errors\":[{\"field\":\"merge_fields.FNAME\",\"message\":\"Data did not match any of the schemas described in anyOf.\"},{\"field\":\"merge_fields.LNAME\",\"message\":\"Data did not match any of the schemas described in anyOf.\"},{\"field\":\"merge_fields.PHONE\",\"message\":\"Data did not match any of the schemas described in anyOf.\"}]}"},{"status_code":200,"operation_id":null,"response":"{\"id\":\"033a603a3c925c5f9e43185e77796f91\",\"email_address\":\"pmak@gmail.com\",\"unique_email_id\":\"8617278b58\",\"web_id\":364155633,\"email_type\":\"html\",\"status\":\"subscribed\",\"merge_fields\":{\"FNAME\":\"chimp\",\"LNAME\":\"chak\",\"ADDRESS\":{\"addr1\":\"ANYWHERE BUT HERE\",\"addr2\":\"\",\"city\":\"Taguig\",\"state\":\"MNL\",\"zip\":\"0005\",\"country\":\"PH\"},\"PHONE\":\"5157552\",\"BIRTHDAY\":\"\",\"MMERGE6\":\"\"},\"stats\":{\"avg_open_rate\":0,\"avg_click_rate\":0},\"ip_signup\":\"\",\"timestamp_signup\":\"\",\"ip_opt\":\"\",\"timestamp_opt\":\"2019-09-18T01:26:24+00:00\",\"member_rating\":2,\"last_changed\":\"2019-09-18T01:26:24+00:00\",\"language\":\"\",\"vip\":false,\"email_client\":\"\",\"location\":{\"latitude\":0,\"longitude\":0,\"gmtoff\":0,\"dstoff\":0,\"country_code\":\"\",\"timezone\":\"\"},\"source\":\"API - Generic\",\"tags_count\":0,\"tags\":[],\"list_id\":\"a18b1592fa\",\"_links\":[{\"rel\":\"self\",\"href\":\"https:\/\/us3.api.mailchimp.com\/3.0\/lists\/a18b1592fa\/members\/033a603a3c925c5f9e43185e77796f91\",\"method\":\"GET\",\"targetSchema\":\"https:\/\/us3.api.mailchimp.com\/schema\/3.0\/Definitions\/Lists\/Members\/Response.json\"},{\"rel\":\"parent\",\"href\":\"https:\/\/us3.api.mailchimp.com\/3.0\/lists\/a18b1592fa\/members\",\"method\":\"GET\",\"targetSchema\":\"https:\/\/us3.api.mailchimp.com\/schema\/3.0\/Definitions\/Lists\/Members\/CollectionResponse.json\",\"schema\":\"https:\/\/us3.api.mailchimp.com\/schema\/3.0\/CollectionLinks\/Lists\/Members.json\"},{\"rel\":\"update\",\"href\":\"https:\/\/us3.api.mailchimp.com\/3.0\/lists\/a18b1592fa\/members\/033a603a3c925c5f9e43185e77796f91\",\"method\":\"PATCH\",\"targetSchema\":\"https:\/\/us3.api.mailchimp.com\/schema\/3.0\/Definitions\/Lists\/Members\/Response.json\",\"schema\":\"https:\/\/us3.api.mailchimp.com\/schema\/3.0\/Definitions\/Lists\/Members\/PATCH.json\"},{\"rel\":\"upsert\",\"href\":\"https:\/\/us3.api.mailchimp.com\/3.0\/lists\/a18b1592fa\/members\/033a603a3c925c5f9e43185e77796f91\",\"method\":\"PUT\",\"targetSchema\":\"https:\/\/us3.api.mailchimp.com\/schema\/3.0\/Definitions\/Lists\/Members\/Response.json\",\"schema\":\"https:\/\/us3.api.mailchimp.com\/schema\/3.0\/Definitions\/Lists\/Members\/PUT.json\"},{\"rel\":\"delete\",\"href\":\"https:\/\/us3.api.mailchimp.com\/3.0\/lists\/a18b1592fa\/members\/033a603a3c925c5f9e43185e77796f91\",\"method\":\"DELETE\"},{\"rel\":\"activity\",\"href\":\"https:\/\/us3.api.mailchimp.com\/3.0\/lists\/a18b1592fa\/members\/033a603a3c925c5f9e43185e77796f91\/activity\",\"method\":\"GET\",\"targetSchema\":\"https:\/\/us3.api.mailchimp.com\/schema\/3.0\/Definitions\/Lists\/Members\/Activity\/Response.json\"},{\"rel\":\"goals\",\"href\":\"https:\/\/us3.api.mailchimp.com\/3.0\/lists\/a18b1592fa\/members\/033a603a3c925c5f9e43185e77796f91\/goals\",\"method\":\"GET\",\"targetSchema\":\"https:\/\/us3.api.mailchimp.com\/schema\/3.0\/Definitions\/Lists\/Members\/Goals\/Response.json\"},{\"rel\":\"notes\",\"href\":\"https:\/\/us3.api.mailchimp.com\/3.0\/lists\/a18b1592fa\/members\/033a603a3c925c5f9e43185e77796f91\/notes\",\"method\":\"GET\",\"targetSchema\":\"https:\/\/us3.api.mailchimp.com\/schema\/3.0\/Definitions\/Lists\/Members\/Notes\/CollectionResponse.json\"},{\"rel\":\"events\",\"href\":\"https:\/\/us3.api.mailchimp.com\/3.0\/lists\/a18b1592fa\/members\/033a603a3c925c5f9e43185e77796f91\/events\",\"method\":\"POST\",\"targetSchema\":\"https:\/\/us3.api.mailchimp.com\/schema\/3.0\/Definitions\/Lists\/Members\/Events\/POST.json\"},{\"rel\":\"delete_permanent\",\"href\":\"https:\/\/us3.api.mailchimp.com\/3.0\/lists\/a18b1592fa\/members\/033a603a3c925c5f9e43185e77796f91\/actions\/delete-permanent\",\"method\":\"POST\"}],\"returned_item_count\":0}"},{"status_code":400,"operation_id":null,"response":"{\"type\":\"http:\/\/developer.mailchimp.com\/documentation\/mailchimp\/guides\/error-glossary\/\",\"title\":\"Member Exists\",\"status\":400,\"detail\":\"tash4@gmail.com is already a list member. Use PUT to insert or update list members.\",\"instance\":\"\"}"},{"status_code":400,"operation_id":null,"response":"{\"type\":\"http:\/\/developer.mailchimp.com\/documentation\/mailchimp\/guides\/error-glossary\/\",\"title\":\"Forgotten Email Not Subscribed\",\"status\":400,\"detail\":\"tashi@gmail.com was permanently deleted and cannot be re-imported. The contact must re-subscribe to get back on the list.\",\"instance\":\"\"}"},{"status_code":400,"operation_id":null,"response":"{\"type\":\"http:\/\/developer.mailchimp.com\/documentation\/mailchimp\/guides\/error-glossary\/\",\"title\":\"Invalid Resource\",\"status\":400,\"detail\":\"The resource submitted could not be validated. For field-specific details, see the 'errors' array.\",\"instance\":\"\",\"errors\":[{\"field\":\"merge_fields.FNAME\",\"message\":\"Data did not match any of the schemas described in anyOf.\"},{\"field\":\"merge_fields.LNAME\",\"message\":\"Data did not match any of the schemas described in anyOf.\"},{\"field\":\"merge_fields.PHONE\",\"message\":\"Data did not match any of the schemas described in anyOf.\"}]}"},{"status_code":400,"operation_id":null,"response":"{\"type\":\"http:\/\/developer.mailchimp.com\/documentation\/mailchimp\/guides\/error-glossary\/\",\"title\":\"Invalid Resource\",\"status\":400,\"detail\":\"The resource submitted could not be validated. For field-specific details, see the 'errors' array.\",\"instance\":\"\",\"errors\":[{\"field\":\"merge_fields.FNAME\",\"message\":\"Data did not match any of the schemas described in anyOf.\"},{\"field\":\"merge_fields.LNAME\",\"message\":\"Data did not match any of the schemas described in anyOf.\"},{\"field\":\"merge_fields.PHONE\",\"message\":\"Data did not match any of the schemas described in anyOf.\"}]}"},{"status_code":400,"operation_id":null,"response":"{\"type\":\"http:\/\/developer.mailchimp.com\/documentation\/mailchimp\/guides\/error-glossary\/\",\"title\":\"Member Exists\",\"status\":400,\"detail\":\"tasha5@gmail.com is already a list member. Use PUT to insert or update list members.\",\"instance\":\"\"}"},{"status_code":400,"operation_id":null,"response":"{\"type\":\"http:\/\/developer.mailchimp.com\/documentation\/mailchimp\/guides\/error-glossary\/\",\"title\":\"Invalid Resource\",\"status\":400,\"detail\":\"The resource submitted could not be validated. For field-specific details, see the 'errors' array.\",\"instance\":\"\",\"errors\":[{\"field\":\"merge_fields.FNAME\",\"message\":\"Data did not match any of the schemas described in anyOf.\"},{\"field\":\"merge_fields.LNAME\",\"message\":\"Data did not match any of the schemas described in anyOf.\"},{\"field\":\"merge_fields.PHONE\",\"message\":\"Data did not match any of the schemas described in anyOf.\"}]}"},{"status_code":400,"operation_id":null,"response":"{\"type\":\"http:\/\/developer.mailchimp.com\/documentation\/mailchimp\/guides\/error-glossary\/\",\"title\":\"Member Exists\",\"status\":400,\"detail\":\"natasha@arcadier.com is already a list member. Use PUT to insert or update list members.\",\"instance\":\"\"}"}]